URL,Status
https://www.texasspecialed.com/resources/iep-letter/index.html,404
https://www.texasspecialed.com/districts/conroe-isd/es/index.html,404
https://www.texasspecialed.com/districts/plano-isd/grievance-dispute-resolution-plano-isd.html,404
https://www.texasspecialed.com/districts/plano-isd/how-to-request-evaluation.html,404
https://www.texasspecialed.com/districts/plano-isd/evaluation-child-find-plano-isd.html,404
https://www.texasspecialed.com/districts/plano-isd/ard-process-guide-plano-isd.html,404
https://www.texasspecialed.com/districts/dallas-isd/grievance-dispute-resolution-dallas-isd.html,404
https://www.texasspecialed.com/districts/dallas-isd/how-to-request-evaluation.html,404
https://www.texasspecialed.com/districts/dallas-isd/evaluation-child-find-dallas-isd.html,404
https://www.texasspecialed.com/districts/dallas-isd/ard-process-guide-dallas-isd.html,404
https://www.texasspecialed.com/blog/es/what-is-fie.html,404
https://www.texasspecialed.com/es/carta-evaluacion-educacion-especial-texas,404
https://www.texasspecialed.com/blog/es/what-to-do-when-school-denies-evaluation.html,404
https://www.texasspecialed.com/blog/es/how-to-request-evaluation.html,404
https://www.texasspecialed.com/files/texas-behavior-defense-toolkit-with-email.zip,404
https://www.texasspecialed.com/files/ard-prep-toolkit-texas.pdf,404
https://www.texasspecialed.com/blog/download/ard-prep-3n8w.html,404
https://www.texasspecialed.com/districts/plano-isd/es/quejas-y-disputas-educacion-especial.html,404
https://www.texasspecialed.com/es-districts/plano-isd/quejas-y-disputas-educacion-especial.html,404
https://www.texasspecialed.com/es-districts/plano-isd/como-solicitar-una-evaluacion-fie-plano-isd.html,404
https://www.texasspecialed.com/es-districts/plano-isd/evaluacion-educacion-especial-child-find.html,404
https://www.texasspecialed.com/es-districts/plano-isd/proceso-ard-guia-para-padres.html,404
https://www.texasspecialed.com/es-districts/plano-isd/index.html,404
https://www.texasspecialed.com/districts/plano-isd/es/evaluacion-educacion-especial-child-find.html,404
https://www.texasspecialed.com/districts/plano-isd/es/proceso-ard-guia-para-padres.html,404
https://www.texasspecialed.com/districts/frisco-isd/es/index.html,404
https://www.texasspecialed.com/districts/houston-isd/grievance-dispute-resolution-houston-isd.html,404
https://www.texasspecialed.com/districts/houston-isd/how-to-request-evaluation.html,404
https://www.texasspecialed.com/districts/houston-isd/evaluation-child-find-houston-isd.html,404
https://www.texasspecialed.com/districts/houston-isd/ard-process-guide-houston-isd.html,404
https://www.texasspecialed.com/districts/houston-isd/es/quejas-y-disputas-educacion-especial.html,404
https://www.texasspecialed.com/es-districts/houston-isd/quejas-y-disputas-educacion-especial.html,404
https://www.texasspecialed.com/es-districts/houston-isd/como-solicitar-una-evaluacion-fie-houston-isd.html,404
https://www.texasspecialed.com/es-districts/houston-isd/evaluacion-educacion-especial-child-find.html,404
https://www.texasspecialed.com/es-districts/houston-isd/proceso-ard-guia-para-padres.html,404
https://www.texasspecialed.com/es-districts/houston-isd/index.html,404
https://www.texasspecialed.com/districts/houston-isd/es/evaluacion-educacion-especial-child-find.html,404
https://www.texasspecialed.com/districts/houston-isd/es/proceso-ard-guia-para-padres.html,404
https://www.texasspecialed.com/districts/zapata-county-isd/es/como-solicitar-una-evaluacion-fie-zapata-county-isd.html,404
https://www.texasspecialed.com/districts/willis-isd/es/como-solicitar-una-evaluacion-fie-willis-isd.html,404
https://www.texasspecialed.com/districts/whitehouse-isd/es/como-solicitar-una-evaluacion-fie-whitehouse-isd.html,404
https://www.texasspecialed.com/districts/white-settlement-isd/es/como-solicitar-una-evaluacion-fie-white-settlement-isd.html,404
https://www.texasspecialed.com/districts/weslaco-isd/grievance-dispute-resolution-weslaco-isd.html,404
https://www.texasspecialed.com/districts/weslaco-isd/how-to-request-evaluation.html,404
https://www.texasspecialed.com/districts/weslaco-isd/evaluation-child-find-weslaco-isd.html,404
https://www.texasspecialed.com/districts/weslaco-isd/ard-process-guide-weslaco-isd.html,404
https://www.texasspecialed.com/districts/weslaco-isd/es/quejas-y-disputas-educacion-especial.html,404
https://www.texasspecialed.com/es-districts/weslaco-isd/quejas-y-disputas-educacion-especial.html,404
https://www.texasspecialed.com/es-districts/weslaco-isd/como-solicitar-una-evaluacion-fie-waco-isd.html,404
https://www.texasspecialed.com/es-districts/weslaco-isd/evaluacion-educacion-especial-child-find.html,404
https://www.texasspecialed.com/es-districts/weslaco-isd/proceso-ard-guia-para-padres.html,404
https://www.texasspecialed.com/es-districts/weslaco-isd/index.html,404
https://www.texasspecialed.com/districts/weslaco-isd/es/evaluacion-educacion-especial-child-find.html,404
https://www.texasspecialed.com/districts/weslaco-isd/es/proceso-ard-guia-para-padres.html,404
https://www.texasspecialed.com/districts/weatherford-isd/es/como-solicitar-una-evaluacion-fie-weatherford-isd.html,404
https://www.texasspecialed.com/districts/waxahachie-isd/es/como-solicitar-una-evaluacion-fie-waxahachie-isd.html,404
https://www.texasspecialed.com/districts/vidor-isd/es/como-solicitar-una-evaluacion-fie-vidor-isd.html,404
https://www.texasspecialed.com/districts/valley-view-isd/es/como-solicitar-una-evaluacion-fie-valley-view-isd.html,404
https://www.texasspecialed.com/districts/uvalde-cisd/grievance-dispute-resolution-uvalde-cisd.html,404
https://www.texasspecialed.com/districts/uvalde-cisd/what-is-an-fie.html,404
https://www.texasspecialed.com/districts/uvalde-cisd/es/como-solicitar-una-evaluacion-fie-uvalde-cisd.html,404
https://www.texasspecialed.com/districts/tuloso-midway-isd/es/como-solicitar-una-evaluacion-fie-tuloso-midway-isd.html,404
https://www.texasspecialed.com/districts/terrell-isd/es/como-solicitar-una-evaluacion-fie-terrell-isd.html,404
https://www.texasspecialed.com/districts/taylor-isd/es/como-solicitar-una-evaluacion-fie-taylor-isd.html,404
https://www.texasspecialed.com/districts/sulphur-springs-isd/es/como-solicitar-una-evaluacion-fie-sulphur-springs-isd.html,404
https://www.texasspecialed.com/districts/stephenville-isd/es/como-solicitar-una-evaluacion-fie-stephenville-isd.html,404
https://www.texasspecialed.com/districts/springtown-isd/es/como-solicitar-una-evaluacion-fie-springtown-isd.html,404
https://www.texasspecialed.com/districts/spring-isd/grievance-dispute-resolution-spring-isd.html,404
https://www.texasspecialed.com/districts/spring-isd/how-to-request-evaluation.html,404
https://www.texasspecialed.com/districts/spring-isd/evaluation-child-find-spring-isd.html,404
https://www.texasspecialed.com/districts/spring-isd/ard-process-guide-spring-isd.html,404
https://www.texasspecialed.com/districts/spring-isd/es/quejas-y-disputas-educacion-especial.html,404
https://www.texasspecialed.com/es-districts/spring-isd/quejas-y-disputas-educacion-especial.html,404
https://www.texasspecialed.com/es-districts/spring-isd/como-solicitar-una-evaluacion-fie-irving-isd-texas.html,404
https://www.texasspecialed.com/es-districts/spring-isd/evaluacion-educacion-especial-child-find.html,404
https://www.texasspecialed.com/es-districts/spring-isd/proceso-ard-guia-para-padres.html,404
https://www.texasspecialed.com/es-districts/spring-isd/index.html,404
https://www.texasspecialed.com/districts/spring-isd/es/evaluacion-educacion-especial-child-find.html,404
https://www.texasspecialed.com/districts/spring-isd/es/proceso-ard-guia-para-padres.html,404
https://www.texasspecialed.com/districts/splendora-isd/es/como-solicitar-una-evaluacion-fie-splendora-isd.html,404
https://www.texasspecialed.com/districts/southwest-isd/es/como-solicitar-una-evaluacion-fie-southwest-isd.html,404
https://www.texasspecialed.com/districts/southside-isd/es/como-solicitar-una-evaluacion-fie-southside-isd.html,404
https://www.texasspecialed.com/districts/south-texas-isd/es/como-solicitar-una-evaluacion-fie-south-texas-isd.html,404
https://www.texasspecialed.com/districts/south-san-antonio-isd/es/quejas-y-disputas-educacion-especial.html,404
https://www.texasspecialed.com/districts/south-san-antonio-isd/es/como-solicitar-una-evaluacion-fie-south-san-antonio-isd.html,404
https://www.texasspecialed.com/districts/south-san-antonio-isd/es/evaluacion-educacion-especial-child-find.html,404
https://www.texasspecialed.com/districts/south-san-antonio-isd/es/proceso-ard-guia-para-padres.html,404
https://www.texasspecialed.com/districts/somerset-isd/es/como-solicitar-una-evaluacion-fie-somerset-isd.html,404
https://www.texasspecialed.com/districts/sheldon-isd/es/como-solicitar-una-evaluacion-fie-sheldon-isd.html,404
https://www.texasspecialed.com/districts/sharyland-isd/es/como-solicitar-una-evaluacion-fie-sharyland-isd.html,404
https://www.texasspecialed.com/districts/seminole-isd/es/como-solicitar-una-evaluacion-fie-seminole-isd.html,404
https://www.texasspecialed.com/districts/sealy-isd/es/como-solicitar-una-evaluacion-fie-sealy-isd.html,404
https://www.texasspecialed.com/districts/sanger-isd/es/como-solicitar-una-evaluacion-fie-sanger-isd.html,404
https://www.texasspecialed.com/districts/san-marcos-cisd/grievance-dispute-resolution-san-marcos-cisd.html,404
https://www.texasspecialed.com/districts/san-marcos-cisd/how-to-request-evaluation.html,404
https://www.texasspecialed.com/districts/san-marcos-cisd/evaluation-child-find-san-marcos-cisd.html,404
https://www.texasspecialed.com/districts/san-marcos-cisd/ard-process-guide-san-marcos-cisd.html,404
https://www.texasspecialed.com/districts/san-marcos-cisd/es/quejas-y-disputas-educacion-especial.html,404
https://www.texasspecialed.com/es-districts/san-marcos-cisd/quejas-y-disputas-educacion-especial.html,404
https://www.texasspecialed.com/es-districts/san-marcos-cisd/como-solicitar-una-evaluacion-fie-san-marcos-cisd.html,404
https://www.texasspecialed.com/es-districts/san-marcos-cisd/evaluacion-educacion-especial-child-find.html,404
https://www.texasspecialed.com/es-districts/san-marcos-cisd/proceso-ard-guia-para-padres.html,404
https://www.texasspecialed.com/es-districts/san-marcos-cisd/index.html,404
https://www.texasspecialed.com/districts/san-marcos-cisd/es/evaluacion-educacion-especial-child-find.html,404
https://www.texasspecialed.com/districts/san-marcos-cisd/es/proceso-ard-guia-para-padres.html,404
https://www.texasspecialed.com/districts/san-felipe-del-rio-cisd/grievance-dispute-resolution-san-felipe-del-rio-cisd.html,404
https://www.texasspecialed.com/districts/san-felipe-del-rio-cisd/what-is-an-fie-san-felipe-del-rio-cisd.html,404
https://www.texasspecialed.com/districts/san-felipe-del-rio-cisd/evaluation-child-find-san-felipe-del-rio-cisd.html,404
https://www.texasspecialed.com/districts/san-felipe-del-rio-cisd/ard-process-guide-san-felipe-del-rio-cisd.html,404
https://www.texasspecialed.com/districts/san-felipe-del-rio-cisd/es/como-solicitar-una-evaluacion-fie-san-felipe-del-rio-cisd.html,404
https://www.texasspecialed.com/districts/san-benito-cisd/grievance-dispute-resolution-san-benito-cisd.html,404
https://www.texasspecialed.com/districts/san-benito-cisd/how-to-request-evaluation.html,404
https://www.texasspecialed.com/districts/san-benito-cisd/evaluation-child-find-san-benito-cisd.html,404
https://www.texasspecialed.com/districts/san-benito-cisd/ard-process-guide-san-benito-cisd.html,404
https://www.texasspecialed.com/districts/san-benito-cisd/es/quejas-y-disputas-educacion-especial.html,404
https://www.texasspecialed.com/es-districts/san-benito-cisd/quejas-y-disputas-educacion-especial.html,404
https://www.texasspecialed.com/es-districts/san-benito-cisd/como-solicitar-una-evaluacion-fie-san-benito-cisd.html,404
https://www.texasspecialed.com/es-districts/san-benito-cisd/evaluacion-educacion-especial-child-find.html,404
https://www.texasspecialed.com/es-districts/san-benito-cisd/proceso-ard-guia-para-padres.html,404
https://www.texasspecialed.com/es-districts/san-benito-cisd/index.html,404
https://www.texasspecialed.com/districts/san-benito-cisd/es/evaluacion-educacion-especial-child-find.html,404
https://www.texasspecialed.com/districts/san-benito-cisd/es/proceso-ard-guia-para-padres.html,404
https://www.texasspecialed.com/districts/san-antonio-isd/grievance-dispute-resolution-san-antonio-isd.html,404
https://www.texasspecialed.com/districts/san-antonio-isd/how-to-request-evaluation.html,404
https://www.texasspecialed.com/districts/san-antonio-isd/evaluation-child-find-san-antonio-isd.html,404
https://www.texasspecialed.com/districts/san-antonio-isd/ard-process-guide-san-antonio-isd.html,404
https://www.texasspecialed.com/districts/san-antonio-isd/es/quejas-y-disputas-educacion-especial.html,404
https://www.texasspecialed.com/es-districts/san-antonio-isd/quejas-y-disputas-educacion-especial.html,404
https://www.texasspecialed.com/es-districts/san-antonio-isd/como-solicitar-una-evaluacion-fie-san-antonio-isd.html,404
https://www.texasspecialed.com/es-districts/san-antonio-isd/evaluacion-educacion-especial-child-find.html,404
https://www.texasspecialed.com/es-districts/san-antonio-isd/proceso-ard-guia-para-padres.html,404
https://www.texasspecialed.com/es-districts/san-antonio-isd/index.html,404
https://www.texasspecialed.com/districts/san-antonio-isd/es/evaluacion-educacion-especial-child-find.html,404
https://www.texasspecialed.com/districts/san-antonio-isd/es/proceso-ard-guia-para-padres.html,404
https://www.texasspecialed.com/districts/roscoe-collegiate-isd/es/como-solicitar-una-evaluacion-fie-roscoe-collegiate-isd.html,404
https://www.texasspecialed.com/districts/roma-isd/es/como-solicitar-una-evaluacion-fie-roma-isd.html,404
https://www.texasspecialed.com/districts/rio-grande-city-grulla-isd/grievance-dispute-resolution-rio-grande-city-grulla-isd.html,404
https://www.texasspecialed.com/districts/rio-grande-city-grulla-isd/how-to-request-evaluation.html,404
https://www.texasspecialed.com/districts/rio-grande-city-grulla-isd/evaluation-child-find-rio-grande-city-grulla-isd.html,404
https://www.texasspecialed.com/districts/rio-grande-city-grulla-isd/ard-process-guide-rio-grande-city-grulla-isd.html,404
https://www.texasspecialed.com/districts/rio-grande-city-grulla-isd/es/quejas-y-disputas-educacion-especial.html,404
https://www.texasspecialed.com/es-districts/rio-grande-city-grulla-isd/quejas-y-disputas-educacion-especial.html,404
https://www.texasspecialed.com/es-districts/rio-grande-city-grulla-isd/como-solicitar-una-evaluacion-fie-rio-grande-city-grulla-isd.html,404
https://www.texasspecialed.com/es-districts/rio-grande-city-grulla-isd/evaluacion-educacion-especial-child-find.html,404
https://www.texasspecialed.com/es-districts/rio-grande-city-grulla-isd/proceso-ard-guia-para-padres.html,404
https://www.texasspecialed.com/es-districts/rio-grande-city-grulla-isd/index.html,404
https://www.texasspecialed.com/districts/rio-grande-city-grulla-isd/es/evaluacion-educacion-especial-child-find.html,404
https://www.texasspecialed.com/districts/rio-grande-city-grulla-isd/es/proceso-ard-guia-para-padres.html,404
https://www.texasspecialed.com/districts/red-oak-isd/es/como-solicitar-una-evaluacion-fie-red-oak-isd.html,404
https://www.texasspecialed.com/districts/quinlan-isd/es/como-solicitar-una-evaluacion-fie-quinlan-isd.html,404
https://www.texasspecialed.com/districts/port-neches-groves-isd/es/como-solicitar-una-evaluacion-fie-port-neches-groves-isd.html,404
https://www.texasspecialed.com/districts/port-arthur-isd/es/como-solicitar-una-evaluacion-fie-port-arthur-isd.html,404
https://www.texasspecialed.com/districts/pleasanton-isd/es/como-solicitar-una-evaluacion-fie-pleasanton-isd.html,404
https://www.texasspecialed.com/districts/plainview-isd/es/como-solicitar-una-evaluacion-fie-plainview-isd.html,404
https://www.texasspecialed.com/districts/pine-tree-isd/es/como-solicitar-una-evaluacion-fie-pine-tree-isd.html,404
https://www.texasspecialed.com/districts/pharrsan-juanalamo-isd/partners.html,404
https://www.texasspecialed.com/districts/pharrsan-juanalamo-isd/grievance-dispute-resolution.html,404
https://www.texasspecialed.com/districts/pharrsan-juanalamo-isd/dyslexia-services.html,404
https://www.texasspecialed.com/districts/pharrsan-juanalamo-isd/ard-process-guide.html,404
https://www.texasspecialed.com/districts/pharrsan-juanalamo-isd/evaluation-child-find.html,404
https://www.texasspecialed.com/districts/pharrsan-juanalamo-isd/leadership-directory.html,404
https://www.texasspecialed.com/districts/pharrsan-juanalamo-isd/what-is-an-fie-pharrsan-juanalamo-isd.html,404
https://www.texasspecialed.com/districts/pharrsan-juanalamo-isd/index.html,404
https://www.texasspecialed.com/districts/pharr-san-juan-alamo-isd/es/quejas-y-disputas-educacion-especial.html,404
https://www.texasspecialed.com/districts/pharr-san-juan-alamo-isd/es/como-solicitar-una-evaluacion-fie-pharr-san-juan-alamo-isd.html,404
https://www.texasspecialed.com/districts/pharr-san-juan-alamo-isd/es/evaluacion-educacion-especial-child-find.html,404
https://www.texasspecialed.com/districts/pharr-san-juan-alamo-isd/es/proceso-ard-guia-para-padres.html,404
https://www.texasspecialed.com/districts/pecos-barstow-toyah-isd/es/como-solicitar-una-evaluacion-fie-pecos-barstow-toyah-isd.html,404
https://www.texasspecialed.com/districts/pecos-barstow-toyah-isd/es/evaluacion-educacion-especial-child-find.html,404
https://www.texasspecialed.com/districts/pearland-isd/es/como-solicitar-una-evaluacion-fie-pearland-isd.html,404
https://www.texasspecialed.com/districts/paris-isd/es/como-solicitar-una-evaluacion-fie-paris-isd.html,404
https://www.texasspecialed.com/districts/pampa-isd/es/como-solicitar-una-evaluacion-fie-pampa-isd.html,404
https://www.texasspecialed.com/districts/palestine-isd/es/como-solicitar-una-evaluacion-fie-palestine-isd.html,404
https://www.texasspecialed.com/districts/northside-isd/grievance-dispute-resolution-northside-isd.html,404
https://www.texasspecialed.com/districts/northside-isd/how-to-request-evaluation.html,404
https://www.texasspecialed.com/districts/northside-isd/evaluation-child-find-northside-isd.html,404
https://www.texasspecialed.com/districts/northside-isd/ard-process-guide-northside-isd.html,404
https://www.texasspecialed.com/districts/northside-isd/es/quejas-y-disputas-educacion-especial.html,404
https://www.texasspecialed.com/es-districts/northside-isd/quejas-y-disputas-educacion-especial.html,404
https://www.texasspecialed.com/es-districts/northside-isd/como-solicitar-una-evaluacion-fie-northside-isd.html,404
https://www.texasspecialed.com/es-districts/northside-isd/evaluacion-educacion-especial-child-find.html,404
https://www.texasspecialed.com/es-districts/northside-isd/proceso-ard-guia-para-padres.html,404
https://www.texasspecialed.com/es-districts/northside-isd/index.html,404
https://www.texasspecialed.com/districts/northside-isd/es/evaluacion-educacion-especial-child-find.html,404
https://www.texasspecialed.com/districts/northside-isd/es/proceso-ard-guia-para-padres.html,404
https://www.texasspecialed.com/districts/new-braunfels-isd/es/como-solicitar-una-evaluacion-fie-new-braunfels-isd.html,404
https://www.texasspecialed.com/districts/needville-isd/es/como-solicitar-una-evaluacion-fie-needville-isd.html,404
https://www.texasspecialed.com/districts/nederland-isd/es/como-solicitar-una-evaluacion-fie-nederland-isd.html,404
https://www.texasspecialed.com/districts/navasota-isd/es/como-solicitar-una-evaluacion-fie-navasota-isd.html,404
https://www.texasspecialed.com/districts/nacogdoches-isd/es/como-solicitar-una-evaluacion-fie-nacogdoches-isd.html,404
https://www.texasspecialed.com/districts/mount-pleasant-isd/es/como-solicitar-una-evaluacion-fie-mount-pleasant-isd.html,404
https://www.texasspecialed.com/districts/mission-cisd/grievance-dispute-resolution-mission-cisd.html,404
https://www.texasspecialed.com/districts/mission-cisd/how-to-request-evaluation.html,404
https://www.texasspecialed.com/districts/mission-cisd/evaluation-child-find-mission-cisd.html,404
https://www.texasspecialed.com/districts/mission-cisd/ard-process-guide-mission-cisd.html,404
https://www.texasspecialed.com/districts/mission-cisd/es/quejas-y-disputas-educacion-especial.html,404
https://www.texasspecialed.com/es-districts/mission-cisd/quejas-y-disputas-educacion-especial.html,404
https://www.texasspecialed.com/es-districts/mission-cisd/como-solicitar-una-evaluacion-fie-mission-cisd.html,404
https://www.texasspecialed.com/es-districts/mission-cisd/evaluacion-educacion-especial-child-find.html,404
https://www.texasspecialed.com/es-districts/mission-cisd/proceso-ard-guia-para-padres.html,404
https://www.texasspecialed.com/es-districts/mission-cisd/index.html,404
https://www.texasspecialed.com/districts/mission-cisd/es/evaluacion-educacion-especial-child-find.html,404
https://www.texasspecialed.com/districts/mission-cisd/es/proceso-ard-guia-para-padres.html,404
https://www.texasspecialed.com/districts/mineral-wells-isd/es/como-solicitar-una-evaluacion-fie-mineral-wells-isd.html,404
https://www.texasspecialed.com/districts/midlothian-isd/es/como-solicitar-una-evaluacion-fie-midlothian-isd.html,404
https://www.texasspecialed.com/districts/mercedes-isd/es/como-solicitar-una-evaluacion-fie-mercedes-isd.html,404
https://www.texasspecialed.com/districts/medina-valley-isd/es/como-solicitar-una-evaluacion-fie-medina-valley-isd.html,404
https://www.texasspecialed.com/districts/mcallen-isd/grievance-dispute-resolution-mcallen-isd.html,404
https://www.texasspecialed.com/districts/mcallen-isd/how-to-request-evaluation.html,404
https://www.texasspecialed.com/districts/mcallen-isd/evaluation-child-find-mcallen-isd.html,404
https://www.texasspecialed.com/districts/mcallen-isd/ard-process-guide-mcallen-isd.html,404
https://www.texasspecialed.com/districts/mcallen-isd/es/quejas-y-disputas-educacion-especial.html,404
https://www.texasspecialed.com/es-districts/mcallen-isd/quejas-y-disputas-educacion-especial.html,404
https://www.texasspecialed.com/es-districts/mcallen-isd/como-solicitar-una-evaluacion-fie-mcallen-isd.html,404
https://www.texasspecialed.com/es-districts/mcallen-isd/evaluacion-educacion-especial-child-find.html,404
https://www.texasspecialed.com/es-districts/mcallen-isd/proceso-ard-guia-para-padres.html,404
https://www.texasspecialed.com/es-districts/mcallen-isd/index.html,404
https://www.texasspecialed.com/districts/mcallen-isd/es/evaluacion-educacion-especial-child-find.html,404
https://www.texasspecialed.com/districts/mcallen-isd/es/proceso-ard-guia-para-padres.html,404
https://www.texasspecialed.com/districts/marshall-isd/es/como-solicitar-una-evaluacion-fie-marshall-isd.html,404
https://www.texasspecialed.com/districts/marble-falls-isd/es/como-solicitar-una-evaluacion-fie-marble-falls-isd.html,404
https://www.texasspecialed.com/districts/manor-isd/es/como-solicitar-una-evaluacion-fie-manor-isd.html,404
https://www.texasspecialed.com/districts/mabank-isd/es/como-solicitar-una-evaluacion-fie-mabank-isd.html,404
https://www.texasspecialed.com/districts/lumberton-isd/es/como-solicitar-una-evaluacion-fie-lumberton-isd.html,404
https://www.texasspecialed.com/districts/lufkin-isd/es/como-solicitar-una-evaluacion-fie-lufkin-isd.html,404
https://www.texasspecialed.com/districts/lubbock-cooper-isd/es/como-solicitar-una-evaluacion-fie-lubbock-cooper-isd.html,404
https://www.texasspecialed.com/districts/los-fresnos-cisd/grievance-dispute-resolution-los-fresnos-cisd.html,404
https://www.texasspecialed.com/districts/los-fresnos-cisd/what-is-an-fie-los-fresnos-cisd.html,404
https://www.texasspecialed.com/districts/los-fresnos-cisd/evaluation-child-find-los-fresnos-cisd.html,404
https://www.texasspecialed.com/districts/los-fresnos-cisd/ard-process-guide-los-fresnos-cisd.html,404
https://www.texasspecialed.com/districts/los-fresnos-cisd/es/como-solicitar-una-evaluacion-fie-los-fresnos-cisd.html,404
https://www.texasspecialed.com/districts/lockhart-isd/es/como-solicitar-una-evaluacion-fie-lockhart-isd.html,404
https://www.texasspecialed.com/districts/livingston-isd/es/como-solicitar-una-evaluacion-fie-livingston-isd.html,404
https://www.texasspecialed.com/districts/little-cypress-mauriceville-cisd/grievance-dispute-resolution-little-cypress-mauriceville-cisd.html,404
https://www.texasspecialed.com/districts/little-cypress-mauriceville-cisd/what-is-an-fie-little-cypress-mauriceville-cisd.html,404
https://www.texasspecialed.com/districts/little-cypress-mauriceville-cisd/evaluation-child-find-little-cypress-mauriceville-cisd.html,404
https://www.texasspecialed.com/districts/little-cypress-mauriceville-cisd/ard-process-guide-little-cypress-mauriceville-cisd.html,404
https://www.texasspecialed.com/districts/little-cypress-mauriceville-cisd/es/como-solicitar-una-evaluacion-fie-little-cypress-mauriceville-cisd.html,404
https://www.texasspecialed.com/districts/lindale-isd/es/como-solicitar-una-evaluacion-fie-lindale-isd.html,404
https://www.texasspecialed.com/districts/liberty-hill-isd/es/como-solicitar-una-evaluacion-fie-liberty-hill-isd.html,404
https://www.texasspecialed.com/districts/lancaster-isd/es/como-solicitar-una-evaluacion-fie-lancaster-isd.html,404
https://www.texasspecialed.com/districts/lampasas-isd/es/como-solicitar-una-evaluacion-fie-lampasas-isd.html,404
https://www.texasspecialed.com/districts/lake-worth-isd/es/como-solicitar-una-evaluacion-fie-lake-worth-isd.html,404
https://www.texasspecialed.com/districts/lake-dallas-isd/es/como-solicitar-una-evaluacion-fie-lake-dallas-isd.html,404
https://www.texasspecialed.com/districts/la-vernia-isd/es/como-solicitar-una-evaluacion-fie-la-vernia-isd.html,404
https://www.texasspecialed.com/districts/la-vega-isd/es/como-solicitar-una-evaluacion-fie-la-vega-isd.html,404
https://www.texasspecialed.com/districts/la-porte-isd/es/como-solicitar-una-evaluacion-fie-la-porte-isd.html,404
https://www.texasspecialed.com/districts/la-joya-isd/grievance-dispute-resolution-la-joya-isd.html,404
https://www.texasspecialed.com/districts/la-joya-isd/how-to-request-evaluation.html,404
https://www.texasspecialed.com/districts/la-joya-isd/evaluation-child-find-la-joya-isd.html,404
https://www.texasspecialed.com/districts/la-joya-isd/ard-process-guide-la-joya-isd.html,404
https://www.texasspecialed.com/districts/la-joya-isd/es/quejas-y-disputas-educacion-especial.html,404
https://www.texasspecialed.com/es-districts/la-joya-isd/quejas-y-disputas-educacion-especial.html,404
https://www.texasspecialed.com/es-districts/la-joya-isd/como-solicitar-una-evaluacion-fie-la-joya-isd.html,404
https://www.texasspecialed.com/es-districts/la-joya-isd/evaluacion-educacion-especial-child-find.html,404
https://www.texasspecialed.com/es-districts/la-joya-isd/proceso-ard-guia-para-padres.html,404
https://www.texasspecialed.com/es-districts/la-joya-isd/index.html,404
https://www.texasspecialed.com/districts/la-joya-isd/es/evaluacion-educacion-especial-child-find.html,404
https://www.texasspecialed.com/districts/la-joya-isd/es/proceso-ard-guia-para-padres.html,404
https://www.texasspecialed.com/districts/kilgore-isd/es/como-solicitar-una-evaluacion-fie-kilgore-isd.html,404
https://www.texasspecialed.com/districts/kerrville-isd/es/como-solicitar-una-evaluacion-fie-kerrville-isd.html,404
https://www.texasspecialed.com/districts/kaufman-isd/es/como-solicitar-una-evaluacion-fie-kaufman-isd.html,404
https://www.texasspecialed.com/districts/joshua-isd/es/como-solicitar-una-evaluacion-fie-joshua-isd.html,404
https://www.texasspecialed.com/districts/jarrell-isd/es/como-solicitar-una-evaluacion-fie-jarrell-isd.html,404
https://www.texasspecialed.com/districts/jacksonville-isd/es/como-solicitar-una-evaluacion-fie-jacksonville-isd.html,404
https://www.texasspecialed.com/districts/hutto-isd/es/como-solicitar-una-evaluacion-fie-hutto-isd.html,404
https://www.texasspecialed.com/districts/huntsville-isd/es/como-solicitar-una-evaluacion-fie-huntsville-isd.html,404
https://www.texasspecialed.com/districts/huffman-isd/es/como-solicitar-una-evaluacion-fie-huffman-isd.html,404
https://www.texasspecialed.com/districts/hereford-isd/es/como-solicitar-una-evaluacion-fie-hereford-isd.html,404
https://www.texasspecialed.com/districts/henderson-isd/es/como-solicitar-una-evaluacion-fie-henderson-isd.html,404
https://www.texasspecialed.com/districts/harlandale-isd/es/quejas-y-disputas-educacion-especial.html,404
https://www.texasspecialed.com/districts/harlandale-isd/es/como-solicitar-una-evaluacion-fie-harlandale-isd.html,404
https://www.texasspecialed.com/districts/harlandale-isd/es/evaluacion-educacion-especial-child-find.html,404
https://www.texasspecialed.com/districts/harlandale-isd/es/proceso-ard-guia-para-padres.html,404
https://www.texasspecialed.com/districts/hallsville-isd/es/como-solicitar-una-evaluacion-fie-hallsville-isd.html,404
https://www.texasspecialed.com/districts/gregory-portland-isd/es/como-solicitar-una-evaluacion-fie-gregory-portland-isd.html,404
https://www.texasspecialed.com/districts/greenwood-isd/es/como-solicitar-una-evaluacion-fie-greenwood-isd.html,404
https://www.texasspecialed.com/districts/greenville-isd/es/como-solicitar-una-evaluacion-fie-greenville-isd.html,404
https://www.texasspecialed.com/districts/granbury-isd/es/como-solicitar-una-evaluacion-fie-granbury-isd.html,404
https://www.texasspecialed.com/districts/godley-isd/es/como-solicitar-una-evaluacion-fie-godley-isd.html,404
https://www.texasspecialed.com/districts/gilmer-isd/es/como-solicitar-una-evaluacion-fie-gilmer-isd.html,404
https://www.texasspecialed.com/districts/galveston-isd/es/como-solicitar-una-evaluacion-fie-galveston-isd.html,404
https://www.texasspecialed.com/districts/galena-park-isd/es/como-solicitar-una-evaluacion-fie-galena-park-isd.html,404
https://www.texasspecialed.com/districts/gainesville-isd/es/como-solicitar-una-evaluacion-fie-gainesville-isd.html,404
https://www.texasspecialed.com/districts/frenship-isd/es/como-solicitar-una-evaluacion-fie-frenship-isd.html,404
https://www.texasspecialed.com/districts/fredericksburg-isd/how-to-request-evaluation.html,404
https://www.texasspecialed.com/districts/fredericksburg-isd/es/quejas-y-disputas-educacion-especial.html,404
https://www.texasspecialed.com/districts/fredericksburg-isd/es/como-solicitar-una-evaluacion-fie-fredericksburg-isd.html,404
https://www.texasspecialed.com/districts/fort-stockton-isd/es/como-solicitar-una-evaluacion-fie-fort-stockton-isd.html,404
https://www.texasspecialed.com/districts/flour-bluff-isd/es/como-solicitar-una-evaluacion-fie-flour-bluff-isd.html,404
https://www.texasspecialed.com/districts/floresville-isd/es/como-solicitar-una-evaluacion-fie-floresville-isd.html,404
https://www.texasspecialed.com/districts/ferris-isd/es/como-solicitar-una-evaluacion-fie-ferris-isd.html,404
https://www.texasspecialed.com/districts/everman-isd/es/como-solicitar-una-evaluacion-fie-everman-isd.html,404
https://www.texasspecialed.com/districts/ennis-isd/es/como-solicitar-una-evaluacion-fie-ennis-isd.html,404
https://www.texasspecialed.com/districts/elgin-isd/es/como-solicitar-una-evaluacion-fie-elgin-isd.html,404
https://www.texasspecialed.com/districts/el-campo-isd/es/como-solicitar-una-evaluacion-fie-el-campo-isd.html,404
https://www.texasspecialed.com/districts/edinburg-cisd/grievance-dispute-resolution-edinburg-cisd.html,404
https://www.texasspecialed.com/districts/edinburg-cisd/how-to-request-evaluation.html,404
https://www.texasspecialed.com/districts/edinburg-cisd/evaluation-child-find-edinburg-cisd.html,404
https://www.texasspecialed.com/districts/edinburg-cisd/ard-process-guide-edinburg-cisd.html,404
https://www.texasspecialed.com/districts/edinburg-cisd/es/quejas-y-disputas-educacion-especial.html,404
https://www.texasspecialed.com/es-districts/edinburg-cisd/quejas-y-disputas-educacion-especial.html,404
https://www.texasspecialed.com/es-districts/edinburg-cisd/como-solicitar-una-evaluacion-fie-edinburg-cisd.html,404
https://www.texasspecialed.com/es-districts/edinburg-cisd/evaluacion-educacion-especial-child-find.html,404
https://www.texasspecialed.com/es-districts/edinburg-cisd/proceso-ard-guia-para-padres.html,404
https://www.texasspecialed.com/es-districts/edinburg-cisd/index.html,404
https://www.texasspecialed.com/districts/edinburg-cisd/es/evaluacion-educacion-especial-child-find.html,404
https://www.texasspecialed.com/districts/edinburg-cisd/es/proceso-ard-guia-para-padres.html,404
https://www.texasspecialed.com/districts/edgewood-isd/es/como-solicitar-una-evaluacion-fie-edgewood-isd.html,404
https://www.texasspecialed.com/districts/edcouch-elsa-isd/es/como-solicitar-una-evaluacion-fie-edcouch-elsa-isd.html,404
https://www.texasspecialed.com/districts/eagle-pass-isd/es/como-solicitar-una-evaluacion-fie-eagle-pass-isd.html,404
https://www.texasspecialed.com/districts/duncanville-isd/es/quejas-y-disputas-educacion-especial.html,404
https://www.texasspecialed.com/districts/duncanville-isd/es/como-solicitar-una-evaluacion-fie-duncanville-isd.html,404
https://www.texasspecialed.com/districts/duncanville-isd/es/evaluacion-educacion-especial-child-find.html,404
https://www.texasspecialed.com/districts/duncanville-isd/es/proceso-ard-guia-para-padres.html,404
https://www.texasspecialed.com/districts/dumas-isd/es/como-solicitar-una-evaluacion-fie-dumas-isd.html,404
https://www.texasspecialed.com/districts/dripping-springs-isd/es/como-solicitar-una-evaluacion-fie-dripping-springs-isd.html,404
https://www.texasspecialed.com/districts/donna-isd/grievance-dispute-resolution-donna-isd.html,404
https://www.texasspecialed.com/districts/donna-isd/how-to-request-evaluation.html,404
https://www.texasspecialed.com/districts/donna-isd/evaluation-child-find-donna-isd.html,404
https://www.texasspecialed.com/districts/donna-isd/ard-process-guide-donna-isd.html,404
https://www.texasspecialed.com/districts/donna-isd/es/quejas-y-disputas-educacion-especial.html,404
https://www.texasspecialed.com/es-districts/donna-isd/quejas-y-disputas-educacion-especial.html,404
https://www.texasspecialed.com/es-districts/donna-isd/como-solicitar-una-evaluacion-fie-donna-isd.html,404
https://www.texasspecialed.com/es-districts/donna-isd/evaluacion-educacion-especial-child-find.html,404
https://www.texasspecialed.com/es-districts/donna-isd/proceso-ard-guia-para-padres.html,404
https://www.texasspecialed.com/es-districts/donna-isd/index.html,404
https://www.texasspecialed.com/districts/donna-isd/es/evaluacion-educacion-especial-child-find.html,404
https://www.texasspecialed.com/districts/donna-isd/es/proceso-ard-guia-para-padres.html,404
https://www.texasspecialed.com/districts/desoto-isd/es/como-solicitar-una-evaluacion-fie-desoto-isd.html,404
https://www.texasspecialed.com/districts/denison-isd/es/como-solicitar-una-evaluacion-fie-denison-isd.html,404
https://www.texasspecialed.com/districts/deer-park-isd/es/como-solicitar-una-evaluacion-fie-deer-park-isd.html,404
https://www.texasspecialed.com/districts/decatur-isd/es/como-solicitar-una-evaluacion-fie-decatur-isd.html,404
https://www.texasspecialed.com/districts/dayton-isd/es/como-solicitar-una-evaluacion-fie-dayton-isd.html,404
https://www.texasspecialed.com/districts/dallas-isd/es/quejas-y-disputas-educacion-especial.html,404
https://www.texasspecialed.com/es-districts/dallas-isd/quejas-y-disputas-educacion-especial.html,404
https://www.texasspecialed.com/es-districts/dallas-isd/como-solicitar-una-evaluacion-fie-dallas-isd.html,404
https://www.texasspecialed.com/es-districts/dallas-isd/evaluacion-educacion-especial-child-find.html,404
https://www.texasspecialed.com/es-districts/dallas-isd/proceso-ard-guia-para-padres.html,404
https://www.texasspecialed.com/es-districts/dallas-isd/index.html,404
https://www.texasspecialed.com/districts/dallas-isd/es/evaluacion-educacion-especial-child-find.html,404
https://www.texasspecialed.com/districts/dallas-isd/es/proceso-ard-guia-para-padres.html,404
https://www.texasspecialed.com/districts/crowley-isd/grievance-dispute-resolution-crowley-isd.html,404
https://www.texasspecialed.com/districts/crowley-isd/how-to-request-evaluation.html,404
https://www.texasspecialed.com/districts/crowley-isd/evaluation-child-find-crowley-isd.html,404
https://www.texasspecialed.com/districts/crowley-isd/ard-process-guide-crowley-isd.html,404
https://www.texasspecialed.com/districts/crowley-isd/es/quejas-y-disputas-educacion-especial.html,404
https://www.texasspecialed.com/es-districts/crowley-isd/quejas-y-disputas-educacion-especial.html,404
https://www.texasspecialed.com/es-districts/crowley-isd/como-solicitar-una-evaluacion-fie-crowley-isd.html,404
https://www.texasspecialed.com/es-districts/crowley-isd/evaluacion-educacion-especial-child-find.html,404
https://www.texasspecialed.com/es-districts/crowley-isd/proceso-ard-guia-para-padres.html,404
https://www.texasspecialed.com/es-districts/crowley-isd/index.html,404
https://www.texasspecialed.com/districts/crowley-isd/es/evaluacion-educacion-especial-child-find.html,404
https://www.texasspecialed.com/districts/crowley-isd/es/proceso-ard-guia-para-padres.html,404
https://www.texasspecialed.com/districts/crandall-isd/es/como-solicitar-una-evaluacion-fie-crandall-isd.html,404
https://www.texasspecialed.com/districts/corsicana-isd/es/como-solicitar-una-evaluacion-fie-corsicana-isd.html,404
https://www.texasspecialed.com/districts/community-isd/es/como-solicitar-una-evaluacion-fie-community-isd.html,404
https://www.texasspecialed.com/districts/cleveland-isd/es/como-solicitar-una-evaluacion-fie-cleveland-isd.html,404
https://www.texasspecialed.com/districts/cleburne-isd/es/como-solicitar-una-evaluacion-fie-cleburne-isd.html,404
https://www.texasspecialed.com/districts/china-spring-isd/es/como-solicitar-una-evaluacion-fie-china-spring-isd.html,404
https://www.texasspecialed.com/districts/chapel-hill-isd/es/como-solicitar-una-evaluacion-fie-chapel-hill-isd.html,404
https://www.texasspecialed.com/districts/celina-isd/es/como-solicitar-una-evaluacion-fie-celina-isd.html,404
https://www.texasspecialed.com/districts/cedar-hill-isd/es/como-solicitar-una-evaluacion-fie-cedar-hill-isd.html,404
https://www.texasspecialed.com/districts/castleberry-isd/es/como-solicitar-una-evaluacion-fie-castleberry-isd.html,404
https://www.texasspecialed.com/districts/carrollton-farmers-branch-isd/grievance-dispute-resolution-carrollton-farmers-branch-isd.html,404
https://www.texasspecialed.com/districts/carrollton-farmers-branch-isd/how-to-request-evaluation.html,404
https://www.texasspecialed.com/districts/carrollton-farmers-branch-isd/evaluation-child-find-carrollton-farmers-branch-isd.html,404
https://www.texasspecialed.com/districts/carrollton-farmers-branch-isd/ard-process-guide-carrollton-farmers-branch-isd.html,404
https://www.texasspecialed.com/districts/carrollton-farmers-branch-isd/es/quejas-y-disputas-educacion-especial.html,404
https://www.texasspecialed.com/es-districts/carrollton-farmers-branch-isd/quejas-y-disputas-educacion-especial.html,404
https://www.texasspecialed.com/es-districts/carrollton-farmers-branch-isd/como-solicitar-una-evaluacion-fie-carrollton-farmers-branch-isd.html,404
https://www.texasspecialed.com/es-districts/carrollton-farmers-branch-isd/evaluacion-educacion-especial-child-find.html,404
https://www.texasspecialed.com/es-districts/carrollton-farmers-branch-isd/proceso-ard-guia-para-padres.html,404
https://www.texasspecialed.com/es-districts/carrollton-farmers-branch-isd/index.html,404
https://www.texasspecialed.com/districts/carrollton-farmers-branch-isd/es/evaluacion-educacion-especial-child-find.html,404
https://www.texasspecialed.com/districts/carrollton-farmers-branch-isd/es/proceso-ard-guia-para-padres.html,404
https://www.texasspecialed.com/districts/canyon-isd/es/como-solicitar-una-evaluacion-fie-canyon-isd.html,404
https://www.texasspecialed.com/districts/canutillo-isd/es/como-solicitar-una-evaluacion-fie-canutillo-isd.html,404
https://www.texasspecialed.com/districts/calhoun-county-isd/es/como-solicitar-una-evaluacion-fie-calhoun-county-isd.html,404
https://www.texasspecialed.com/districts/calallen-isd/es/como-solicitar-una-evaluacion-fie-calallen-isd.html,404
https://www.texasspecialed.com/districts/caddo-mills-isd/es/como-solicitar-una-evaluacion-fie-caddo-mills-isd.html,404
https://www.texasspecialed.com/districts/burnet-cisd/es/como-solicitar-una-evaluacion-fie-burnet-cisd.html,404
https://www.texasspecialed.com/districts/burkburnett-isd/es/como-solicitar-una-evaluacion-fie-burkburnett-isd.html,404
https://www.texasspecialed.com/districts/brownwood-isd/es/como-solicitar-una-evaluacion-fie-brownwood-isd.html,404
https://www.texasspecialed.com/districts/brownsville-isd/es/como-solicitar-una-evaluacion-fie-brownsville-isd.html,404
https://www.texasspecialed.com/districts/bridge-city-isd/es/como-solicitar-una-evaluacion-fie-bridge-city-isd.html,404
https://www.texasspecialed.com/districts/brenham-isd/es/como-solicitar-una-evaluacion-fie-brenham-isd.html,404
https://www.texasspecialed.com/districts/brazosport-isd/es/como-solicitar-una-evaluacion-fie-brazosport-isd.html,404
https://www.texasspecialed.com/districts/boerne-isd/es/como-solicitar-una-evaluacion-fie-boerne-isd.html,404
https://www.texasspecialed.com/districts/big-spring-isd/es/index.html,404
https://www.texasspecialed.com/districts/beeville-isd/es/como-solicitar-una-evaluacion-fie-beeville-isd.html,404
https://www.texasspecialed.com/districts/bay-city-isd/es/como-solicitar-una-evaluacion-fie-bay-city-isd.html,404
https://www.texasspecialed.com/districts/barbers-hill-isd/es/como-solicitar-una-evaluacion-fie-barbers-hill-isd.html,404
https://www.texasspecialed.com/districts/azle-isd/es/como-solicitar-una-evaluacion-fie-azle-isd.html,404
https://www.texasspecialed.com/districts/austin-isd/es/quejas-y-disputas-educacion-especial.html,404
https://www.texasspecialed.com/es-districts/austin-isd/quejas-y-disputas-educacion-especial.html,404
https://www.texasspecialed.com/es-districts/austin-isd/como-solicitar-una-evaluacion-fie-austin-isd.html,404
https://www.texasspecialed.com/es-districts/austin-isd/evaluacion-educacion-especial-child-find.html,404
https://www.texasspecialed.com/es-districts/austin-isd/proceso-ard-guia-para-padres.html,404
https://www.texasspecialed.com/es-districts/austin-isd/index.html,404
https://www.texasspecialed.com/districts/austin-isd/es/evaluacion-educacion-especial-child-find.html,404
https://www.texasspecialed.com/districts/austin-isd/es/proceso-ard-guia-para-padres.html,404
https://www.texasspecialed.com/districts/aubrey-isd/es/como-solicitar-una-evaluacion-fie-aubrey-isd.html,404
https://www.texasspecialed.com/districts/arlington-isd/grievance-dispute-resolution-arlington-isd.html,404
https://www.texasspecialed.com/districts/arlington-isd/how-to-request-evaluation.html,404
https://www.texasspecialed.com/districts/arlington-isd/evaluation-child-find-arlington-isd.html,404
https://www.texasspecialed.com/districts/arlington-isd/ard-process-guide-arlington-isd.html,404
https://www.texasspecialed.com/districts/arlington-isd/es/quejas-y-disputas-educacion-especial.html,404
https://www.texasspecialed.com/es-districts/arlington-isd/quejas-y-disputas-educacion-especial.html,404
https://www.texasspecialed.com/es-districts/arlington-isd/como-solicitar-una-evaluacion-fie-arlington-isd.html,404
https://www.texasspecialed.com/es-districts/arlington-isd/evaluacion-educacion-especial-child-find.html,404
https://www.texasspecialed.com/es-districts/arlington-isd/proceso-ard-guia-para-padres.html,404
https://www.texasspecialed.com/es-districts/arlington-isd/index.html,404
https://www.texasspecialed.com/districts/arlington-isd/es/evaluacion-educacion-especial-child-find.html,404
https://www.texasspecialed.com/districts/arlington-isd/es/proceso-ard-guia-para-padres.html,404
https://www.texasspecialed.com/districts/argyle-isd/es/como-solicitar-una-evaluacion-fie-argyle-isd.html,404
https://www.texasspecialed.com/districts/anna-isd/es/como-solicitar-una-evaluacion-fie-anna-isd.html,404
https://www.texasspecialed.com/districts/angleton-isd/es/como-solicitar-una-evaluacion-fie-angleton-isd.html,404
https://www.texasspecialed.com/districts/angleton-isd/es/evaluacion-educacion-especial-child-find.html,404
https://www.texasspecialed.com/districts/andrews-isd/es/como-solicitar-una-evaluacion-fie-andrews-isd.html,404
https://www.texasspecialed.com/districts/alvarado-isd/es/como-solicitar-una-evaluacion-fie-alvarado-isd.html,404
https://www.texasspecialed.com/districts/alief-isd/grievance-dispute-resolution-alief-isd.html,404
https://www.texasspecialed.com/districts/alief-isd/how-to-request-evaluation.html,404
https://www.texasspecialed.com/districts/alief-isd/evaluation-child-find-alief-isd.html,404
https://www.texasspecialed.com/districts/alief-isd/ard-process-guide-alief-isd.html,404
https://www.texasspecialed.com/districts/alief-isd/es/quejas-y-disputas-educacion-especial.html,404
https://www.texasspecialed.com/es-districts/alief-isd/quejas-y-disputas-educacion-especial.html,404
https://www.texasspecialed.com/es-districts/alief-isd/como-solicitar-una-evaluacion-fie-alief-isd.html,404
https://www.texasspecialed.com/es-districts/alief-isd/evaluacion-educacion-especial-child-find.html,404
https://www.texasspecialed.com/es-districts/alief-isd/proceso-ard-guia-para-padres.html,404
https://www.texasspecialed.com/es-districts/alief-isd/index.html,404
https://www.texasspecialed.com/districts/alief-isd/es/evaluacion-educacion-especial-child-find.html,404
https://www.texasspecialed.com/districts/alief-isd/es/proceso-ard-guia-para-padres.html,404
https://www.texasspecialed.com/districts/alice-isd/es/como-solicitar-una-evaluacion-fie-alice-isd.html,404
https://www.texasspecialed.com/districts/aledo-isd/es/como-solicitar-una-evaluacion-fie-aledo-isd.html,404
https://www.texasspecialed.com/districts/aldine-isd/grievance-dispute-resolution-aldine-isd.html,404
https://www.texasspecialed.com/districts/aldine-isd/how-to-request-evaluation.html,404
https://www.texasspecialed.com/districts/aldine-isd/evaluation-child-find-aldine-isd.html,404
https://www.texasspecialed.com/districts/aldine-isd/ard-process-guide-aldine-isd.html,404
https://www.texasspecialed.com/districts/aldine-isd/es/quejas-y-disputas-educacion-especial.html,404
https://www.texasspecialed.com/es-districts/aldine-isd/quejas-y-disputas-educacion-especial.html,404
https://www.texasspecialed.com/es-districts/aldine-isd/como-solicitar-una-evaluacion-fie-aldine-isd.html,404
https://www.texasspecialed.com/es-districts/aldine-isd/evaluacion-educacion-especial-child-find.html,404
https://www.texasspecialed.com/es-districts/aldine-isd/proceso-ard-guia-para-padres.html,404
https://www.texasspecialed.com/es-districts/aldine-isd/index.html,404
https://www.texasspecialed.com/districts/aldine-isd/es/evaluacion-educacion-especial-child-find.html,404
https://www.texasspecialed.com/districts/aldine-isd/es/proceso-ard-guia-para-padres.html,404
https://www.texasspecialed.com/districts/katy-isd/grievance-dispute-resolution-katy-isd.html,404
https://www.texasspecialed.com/districts/katy-isd/how-to-request-evaluation.html,404
https://www.texasspecialed.com/districts/katy-isd/evaluation-child-find-katy-isd.html,404
https://www.texasspecialed.com/districts/katy-isd/ard-process-guide-katy-isd.html,404
https://www.texasspecialed.com/districts/austin-isd/grievance-dispute-resolution-austin-isd.html,404
https://www.texasspecialed.com/districts/austin-isd/how-to-request-evaluation.html,404
https://www.texasspecialed.com/districts/austin-isd/evaluation-child-find-austin-isd.html,404
https://www.texasspecialed.com/districts/austin-isd/ard-process-guide-austin-isd.html,404
https://www.texasspecialed.com/districts/humble-isd/grievance-dispute-resolution-humble-isd.html,404
https://www.texasspecialed.com/districts/humble-isd/how-to-request-evaluation.html,404
https://www.texasspecialed.com/districts/humble-isd/evaluation-child-find-humble-isd.html,404
https://www.texasspecialed.com/districts/humble-isd/ard-process-guide-humble-isd.html,404
https://www.texasspecialed.com/districts/round-rock-isd/grievance-dispute-resolution-round-rock-isd.html,404
https://www.texasspecialed.com/districts/round-rock-isd/how-to-request-evaluation.html,404
https://www.texasspecialed.com/districts/round-rock-isd/evaluation-child-find-round-rock-isd.html,404
https://www.texasspecialed.com/districts/round-rock-isd/ard-process-guide-round-rock-isd.html,404
https://www.texasspecialed.com/districts/frisco-isd/grievance-dispute-resolution-frisco-isd.html,404
https://www.texasspecialed.com/districts/frisco-isd/how-to-request-evaluation.html,404
https://www.texasspecialed.com/districts/frisco-isd/evaluation-child-find-frisco-isd.html,404
https://www.texasspecialed.com/districts/frisco-isd/ard-process-guide-frisco-isd.html,404
https://www.texasspecialed.com/districts/lewisville-isd/grievance-dispute-resolution-lewisville-isd.html,404
https://www.texasspecialed.com/districts/lewisville-isd/how-to-request-evaluation.html,404
https://www.texasspecialed.com/districts/lewisville-isd/evaluation-child-find-lewisville-isd.html,404
https://www.texasspecialed.com/districts/lewisville-isd/ard-process-guide-lewisville-isd.html,404
https://www.texasspecialed.com/districts/conroe-isd/grievance-dispute-resolution-conroe-isd.html,404
https://www.texasspecialed.com/districts/conroe-isd/how-to-request-evaluation.html,404
https://www.texasspecialed.com/districts/conroe-isd/evaluation-child-find-conroe-isd.html,404
https://www.texasspecialed.com/districts/conroe-isd/ard-process-guide-conroe-isd.html,404
